{"cameraMode":{"drawMode":0,"name":"Shaded","section":"Shading Mode"},"sceneLighting":false,"audioPlay":false,"sceneViewState":{"showFog":true,"showMaterialUpdate":false,"showSkybox":false,"showFlares":true,"showImageEffects":true,"showParticleSystems":true},"in2DMode":false,"pivot":{"x":-37.75297546386719,"y":-29.28929901123047,"z":25.553321838378908},"rotation":{"x":0.0023306915536522867,"y":0.9763707518577576,"z":-0.21609151363372804,"w":0.010553613305091858},"size":10.0,"orthographic":false}